{
	"credit": "Made with Blockbench",
	"textures": {
		"0": "block/gold_block",
		"1": "block/ancient_debris_side",
		"particle": "block/gold_block"
	},
	"elements": [
		{
			"from": [6, 0.25, 6],
			"to": [10, 0.75, 10],
			"faces": {
				"north": {"uv": [0, 0, 4, 0.5], "texture": "#0"},
				"east": {"uv": [0, 0, 4, 0.5], "texture": "#0"},
				"south": {"uv": [0, 0, 4, 0.5], "texture": "#0"},
				"west": {"uv": [0, 0, 4, 0.5], "texture": "#0"},
				"up": {"uv": [5, 6, 9, 10], "texture": "#0"},
				"down": {"uv": [0, 0, 4, 4], "texture": "#0"}
			}
		},
		{
			"from": [6, 0, 10],
			"to": [10, 1, 11],
			"faces": {
				"north": {"uv": [0, 0, 4, 1], "texture": "#0"},
				"east": {"uv": [0, 0, 1, 1], "texture": "#0"},
				"south": {"uv": [0, 0, 4, 1], "texture": "#0"},
				"west": {"uv": [0, 0, 1, 1], "texture": "#0"},
				"up": {"uv": [0, 0, 4, 1], "texture": "#0"},
				"down": {"uv": [0, 0, 4, 1], "texture": "#0"}
			}
		},
		{
			"from": [5, 0, 6],
			"to": [6, 1, 10],
			"faces": {
				"north": {"uv": [0, 0, 1, 1], "texture": "#0"},
				"east": {"uv": [0, 0, 4, 1], "texture": "#0"},
				"south": {"uv": [0, 0, 1, 1], "texture": "#0"},
				"west": {"uv": [0, 0, 4, 1], "texture": "#0"},
				"up": {"uv": [0, 0, 1, 4], "texture": "#0"},
				"down": {"uv": [0, 0, 1, 4], "texture": "#0"}
			}
		},
		{
			"from": [10, 0, 6],
			"to": [11, 1, 10],
			"faces": {
				"north": {"uv": [0, 0, 1, 1], "texture": "#0"},
				"east": {"uv": [0, 0, 4, 1], "texture": "#0"},
				"south": {"uv": [0, 0, 1, 1], "texture": "#0"},
				"west": {"uv": [0, 0, 4, 1], "texture": "#0"},
				"up": {"uv": [0, 0, 1, 4], "texture": "#0"},
				"down": {"uv": [0, 0, 1, 4], "texture": "#0"}
			}
		},
		{
			"from": [6, 0, 5],
			"to": [10, 1, 6],
			"faces": {
				"north": {"uv": [0, 0, 4, 1], "texture": "#0"},
				"east": {"uv": [0, 0, 1, 1], "texture": "#0"},
				"south": {"uv": [0, 0, 4, 1], "texture": "#0"},
				"west": {"uv": [0, 0, 1, 1], "texture": "#0"},
				"up": {"uv": [0, 0, 4, 1], "texture": "#0"},
				"down": {"uv": [0, 0, 4, 1], "texture": "#0"}
			}
		},
		{
			"name": "t",
			"from": [7.5, 0, 7.5],
			"to": [9.5, 1, 8.5],
			"faces": {
				"north": {"uv": [5, 12, 7, 13], "texture": "#1"},
				"east": {"uv": [0, 0, 1, 1], "texture": "#1"},
				"south": {"uv": [8, 13, 10, 14], "texture": "#1"},
				"west": {"uv": [7, 10, 8, 11], "texture": "#1"},
				"up": {"uv": [7, 13, 9, 14], "texture": "#1"},
				"down": {"uv": [7, 13, 9, 14], "texture": "#1"}
			}
		},
		{
			"name": "t",
			"from": [6.5, 0, 6.5],
			"to": [7.5, 1, 9.5],
			"faces": {
				"north": {"uv": [5, 12, 7, 13], "texture": "#1"},
				"east": {"uv": [0, 0, 1, 1], "texture": "#1"},
				"south": {"uv": [8, 13, 10, 14], "texture": "#1"},
				"west": {"uv": [7, 10, 8, 11], "texture": "#1"},
				"up": {"uv": [7, 13, 9, 14], "texture": "#1"},
				"down": {"uv": [7, 13, 9, 14], "texture": "#1"}
			}
		}
	],
	"display": {
		"thirdperson_righthand": {
			"rotation": [-90, 90, 5],
			"translation": [0.5, 2.75, -6]
		},
		"thirdperson_lefthand": {
			"rotation": [-104, -88, 0],
			"translation": [0.25, 0.5, -6.75]
		},
		"firstperson_righthand": {
			"rotation": [90, -92, 11],
			"translation": [7.5, 1, 1.75]
		},
		"firstperson_lefthand": {
			"rotation": [93, 85, -26],
			"translation": [11, 1.5, -0.75]
		},
		"ground": {
			"rotation": [-0.55, 25.26, -177.32],
			"translation": [0, -10, 0]
		},
		"gui": {
			"rotation": [-90, 130, -17],
			"translation": [-1.25, -1.75, -0.5],
			"scale": [2, 1, 2]
		},
		"head": {
			"rotation": [0, 43, 0],
			"translation": [0, 3.75, -8.5]
		},
		"fixed": {
			"rotation": [94.07, 47.47, -2.99],
			"translation": [0, 0.75, 6.25],
			"scale": [1.97, 1.2, 1.95]
		}
	}
}